Andaman & Nicobar Islands,2001	8,8
Andaman & Nicobar Islands,2002	4,2
Andaman & Nicobar Islands,2003	8,4
Andaman & Nicobar Islands,2004	18,18
Andaman & Nicobar Islands,2005	12,12
Andaman & Nicobar Islands,2006	12,12
Andaman & Nicobar Islands,2007	16,14
Andaman & Nicobar Islands,2008	22,14
Andaman & Nicobar Islands,2009	20,18
Andaman & Nicobar Islands,2010	43,24
Andhra Pradesh,2001	6230,2960
Andhra Pradesh,2002	6900,3402
Andhra Pradesh,2003	9464,3944
Andhra Pradesh,2004	9482,4338
Andhra Pradesh,2005	10930,5340
Andhra Pradesh,2006	10940,4402
Andhra Pradesh,2007	12618,5694
Andhra Pradesh,2008	15696,7622
Andhra Pradesh,2009	16514,8554
Andhra Pradesh,2010	14844,10906
Arunachal Pradesh,2001	72,54
Arunachal Pradesh,2002	102,42
Arunachal Pradesh,2003	100,24
Arunachal Pradesh,2004	150,62
Arunachal Pradesh,2005	238,66
Arunachal Pradesh,2006	148,44
Arunachal Pradesh,2007	232,126
Arunachal Pradesh,2008	120,74
Arunachal Pradesh,2009	218,68
Arunachal Pradesh,2010	278,92
Assam,2001	876,298
Assam,2002	1360,340
Assam,2003	1512,264
Assam,2004	1786,332
Assam,2005	1914,534
Assam,2006	2810,906
Assam,2007	3602,1194
Assam,2008	3756,596
Assam,2009	3418,654
Assam,2010	1200,332
Bihar,2001	2272,500
Bihar,2002	2296,536
Bihar,2003	2680,586
Bihar,2004	4166,624
Bihar,2005	4268,452
Bihar,2006	4046,624
Bihar,2007	4786,646
Bihar,2008	5350,782
Bihar,2009	7348,828
Bihar,2010	8542,800
Chandigarh,2001	988,400
Chandigarh,2002	1234,460
Chandigarh,2003	1132,572
Chandigarh,2004	1348,436
Chandigarh,2005	1158,402
Chandigarh,2006	1058,350
Chandigarh,2007	1706,444
Chandigarh,2008	2188,488
Chandigarh,2009	2234,550
Chandigarh,2010	1796,512
Chhattisgarh,2001	1884,830
Chhattisgarh,2002	2252,642
Chhattisgarh,2003	2262,780
Chhattisgarh,2004	2632,1004
Chhattisgarh,2005	3238,1284
Chhattisgarh,2006	4286,1468
Chhattisgarh,2007	3866,1432
Chhattisgarh,2008	4236,1210
Chhattisgarh,2009	4376,1378
Chhattisgarh,2010	4278,1206
Dadra & Nagar Haveli,2001	29,10
Dadra & Nagar Haveli,2002	74,40
Dadra & Nagar Haveli,2003	30,18
Dadra & Nagar Haveli,2004	48,28
Dadra & Nagar Haveli,2005	41,16
Dadra & Nagar Haveli,2006	30,16
Dadra & Nagar Haveli,2007	37,8
Dadra & Nagar Haveli,2008	29,8
Dadra & Nagar Haveli,2009	43,10
Dadra & Nagar Haveli,2010	68,20
Daman & Diu,2002	72,38
Daman & Diu,2003	54,18
Daman & Diu,2004	24,10
Daman & Diu,2005	50,14
Daman & Diu,2006	66,14
Daman & Diu,2007	55,14
Daman & Diu,2008	65,28
Daman & Diu,2009	58,10
Daman & Diu,2010	56,22
Delhi,2001	15962,4100
Delhi,2002	15208,3412
Delhi,2003	15376,2854
Delhi,2004	17848,4242
Delhi,2005	17766,4498
Delhi,2006	18804,4120
Delhi,2007	17748,3564
Delhi,2008	22054,2680
Delhi,2009	26489,3772
Delhi,2010	30062,3848
Goa,2001	356,172
Goa,2002	302,82
Goa,2003	268,86
Goa,2004	250,88
Goa,2005	390,122
Goa,2006	454,140
Goa,2007	440,130
Goa,2008	504,154
Goa,2009	691,168
Goa,2010	744,284
Gujarat,2001	11074,3180
Gujarat,2002	12512,3256
Gujarat,2003	14488,4572
Gujarat,2004	13872,4302
Gujarat,2005	14196,3552
Gujarat,2006	14382,3294
Gujarat,2007	16038,3782
Gujarat,2008	19886,4456
Gujarat,2009	22290,5506
Gujarat,2010	19658,4886
Haryana,2001	6240,3020
Haryana,2002	6108,3006
Haryana,2003	6586,3092
Haryana,2004	7470,3224
Haryana,2005	10552,3702
Haryana,2006	13176,4516
Haryana,2007	13472,4448
Haryana,2008	15786,4602
Haryana,2009	16740,4850
Haryana,2010	22796,6108
Himachal Pradesh,2001	290,196
Himachal Pradesh,2002	304,186
Himachal Pradesh,2003	436,220
Himachal Pradesh,2004	426,192
Himachal Pradesh,2005	344,188
Himachal Pradesh,2006	432,216
Himachal Pradesh,2007	530,208
Himachal Pradesh,2008	658,210
Himachal Pradesh,2009	662,260
Himachal Pradesh,2010	668,252
Jammu & Kashmir,2001	1266,274
Jammu & Kashmir,2002	1328,458
Jammu & Kashmir,2003	1152,312
Jammu & Kashmir,2004	1146,282
Jammu & Kashmir,2005	1008,218
Jammu & Kashmir,2006	1118,358
Jammu & Kashmir,2007	1028,330
Jammu & Kashmir,2008	1344,286
Jammu & Kashmir,2009	1762,474
Jammu & Kashmir,2010	1936,480
Jharkhand,2001	478,96
Jharkhand,2002	1436,228
Jharkhand,2003	694,196
Jharkhand,2004	1436,228
Jharkhand,2005	1546,286
Jharkhand,2006	2458,524
Jharkhand,2007	3476,538
Jharkhand,2008	4941,668
Jharkhand,2009	4991,1114
Jharkhand,2010	5368,880
Karnataka,2001	7726,2496
Karnataka,2002	8562,2624
Karnataka,2003	8666,2658
Karnataka,2004	11466,2970
Karnataka,2005	11954,2806
Karnataka,2006	12012,2806
Karnataka,2007	12146,3916
Karnataka,2008	18404,4312
Karnataka,2009	22040,5292
Karnataka,2010	21278,6748
Kerala,2001	3590,1026
Kerala,2002	3956,1222
Kerala,2003	3336,1262
Kerala,2004	3433,1450
Kerala,2005	3892,1124
Kerala,2006	4038,1090
Kerala,2007	4220,1286
Kerala,2008	4002,1218
Kerala,2009	4056,1484
Kerala,2010	2956,1252
Lakshadweep,2003	2,2
Lakshadweep,2006	4,2
Lakshadweep,2007	4,4
Lakshadweep,2008	2,2
Lakshadweep,2009	10,10
Madhya Pradesh,2001	8642,2534
Madhya Pradesh,2002	9690,3046
Madhya Pradesh,2003	10416,3502
Madhya Pradesh,2004	12492,3682
Madhya Pradesh,2005	13102,4192
Madhya Pradesh,2006	15302,4354
Madhya Pradesh,2007	17644,4594
Madhya Pradesh,2008	22058,4654
Madhya Pradesh,2009	21910,4906
Madhya Pradesh,2010	24120,5554
Maharashtra,2001	17774,5884
Maharashtra,2002	18260,5720
Maharashtra,2003	18542,5504
Maharashtra,2004	22614,7242
Maharashtra,2005	24426,6064
Maharashtra,2006	25628,7514
Maharashtra,2007	27820,7190
Maharashtra,2008	33818,6668
Maharashtra,2009	36472,9230
Maharashtra,2010	37210,9282
Manipur,2001	142,14
Manipur,2002	238,30
Manipur,2003	248,22
Manipur,2004	218,10
Manipur,2005	184,14
Manipur,2006	238,16
Manipur,2007	314,18
Manipur,2008	594,18
Manipur,2009	640,14
Manipur,2010	572,36
Meghalaya,2001	114,34
Meghalaya,2002	116,24
Meghalaya,2003	216,34
Meghalaya,2004	280,76
Meghalaya,2005	238,40
Meghalaya,2006	270,40
Meghalaya,2007	186,18
Meghalaya,2008	264,54
Meghalaya,2009	360,54
Meghalaya,2010	304,84
Mizoram,2001	40,36
Mizoram,2002	62,60
Mizoram,2003	112,108
Mizoram,2004	0,0
Mizoram,2005	0,0
Mizoram,2006	136,98
Mizoram,2007	140,82
Mizoram,2008	86,68
Mizoram,2009	154,118
Mizoram,2010	138,104
Nagaland,2001	238,60
Nagaland,2002	322,52
Nagaland,2003	450,116
Nagaland,2004	244,50
Nagaland,2005	496,112
Nagaland,2006	310,150
Nagaland,2007	466,70
Nagaland,2008	502,34
Nagaland,2009	432,72
Nagaland,2010	554,68
Odisha,2001	2022,688
Odisha,2002	2056,716
Odisha,2003	2152,694
Odisha,2004	2808,748
Odisha,2005	3252,872
Odisha,2006	3142,1112
Odisha,2007	3466,916
Odisha,2008	3950,1298
Odisha,2009	5042,1352
Odisha,2010	5254,1618
Puducherry,2001	568,274
Puducherry,2002	516,104
Puducherry,2003	583,130
Puducherry,2004	644,366
Puducherry,2005	470,286
Puducherry,2006	640,244
Puducherry,2007	996,372
Puducherry,2008	886,312
Puducherry,2009	1004,500
Puducherry,2010	768,322
Punjab,2001	2540,982
Punjab,2002	2690,1288
Punjab,2003	2854,1170
Punjab,2004	2376,980
Punjab,2005	2380,1046
Punjab,2006	3090,1182
Punjab,2007	4124,1446
Punjab,2008	4320,1504
Punjab,2009	5684,2202
Punjab,2010	5426,2540
Rajasthan,2001	8078,1806
Rajasthan,2002	8866,1982
Rajasthan,2003	10534,2122
Rajasthan,2004	12790,3166
Rajasthan,2005	12858,2710
Rajasthan,2006	13954,2720
Rajasthan,2007	15866,3186
Rajasthan,2008	18992,3236
Rajasthan,2009	23566,3884
Rajasthan,2010	26218,4358
Sikkim,2001	12,8
Sikkim,2002	10,10
Sikkim,2003	6,6
Sikkim,2004	12,10
Sikkim,2005	10,8
Sikkim,2006	16,16
Sikkim,2007	22,20
Sikkim,2008	18,18
Sikkim,2009	19,10
Sikkim,2010	16,12
Tamil Nadu,2001	8520,5516
Tamil Nadu,2002	9354,6410
Tamil Nadu,2003	9162,6424
Tamil Nadu,2004	8010,5734
Tamil Nadu,2005	7166,5248
Tamil Nadu,2006	6018,5210
Tamil Nadu,2007	5776,5008
Tamil Nadu,2008	7494,5822
Tamil Nadu,2009	10396,7652
Tamil Nadu,2010	10410,7082
Tripura,2001	20,6
Tripura,2002	145,128
Tripura,2003	106,14
Tripura,2004	72,36
Tripura,2005	113,20
Tripura,2006	56,14
Tripura,2007	108,30
Tripura,2008	130,50
Tripura,2009	142,58
Tripura,2010	100,52
Uttar Pradesh,2001	11580,2354
Uttar Pradesh,2002	11378,2956
Uttar Pradesh,2003	9440,2812
Uttar Pradesh,2004	16904,3506
Uttar Pradesh,2005	15238,3408
Uttar Pradesh,2006	16698,4258
Uttar Pradesh,2007	18970,4356
Uttar Pradesh,2008	20742,4382
Uttar Pradesh,2009	28756,4378
Uttar Pradesh,2010	33410,4868
Uttarakhand,2001	748,190
Uttarakhand,2002	704,196
Uttarakhand,2003	738,244
Uttarakhand,2004	940,224
Uttarakhand,2005	1042,260
Uttarakhand,2006	998,262
Uttarakhand,2007	1090,276
Uttarakhand,2008	1290,312
Uttarakhand,2009	1404,458
Uttarakhand,2010	1706,488
West Bengal,2001	5158,1582
West Bengal,2002	6876,1362
West Bengal,2003	5162,1254
West Bengal,2004	5336,1068
West Bengal,2005	4870,940
West Bengal,2006	5428,856
West Bengal,2007	4848,892
West Bengal,2008	5134,928
West Bengal,2009	7236,1202
West Bengal,2010	8610,1282
