Andaman & Nicobar Islands,2001	13,0,13
Andaman & Nicobar Islands,2002	17,0,17
Andaman & Nicobar Islands,2003	21,0,21
Andaman & Nicobar Islands,2004	15,0,15
Andaman & Nicobar Islands,2005	15,0,15
Andaman & Nicobar Islands,2006	5,0,5
Andaman & Nicobar Islands,2007	15,0,15
Andaman & Nicobar Islands,2008	8,0,8
Andaman & Nicobar Islands,2009	18,0,18
Andaman & Nicobar Islands,2010	10,0,10
Andhra Pradesh,2001	2783,0,2783
Andhra Pradesh,2002	2651,0,2651
Andhra Pradesh,2003	2914,0,2914
Andhra Pradesh,2004	2640,0,2640
Andhra Pradesh,2005	2928,0,2928
Andhra Pradesh,2006	2940,0,2940
Andhra Pradesh,2007	2850,0,2850
Andhra Pradesh,2008	2762,0,2762
Andhra Pradesh,2009	2475,0,2475
Andhra Pradesh,2010	2538,0,2538
Arunachal Pradesh,2001	83,0,83
Arunachal Pradesh,2002	61,0,61
Arunachal Pradesh,2003	77,0,77
Arunachal Pradesh,2004	67,0,67
Arunachal Pradesh,2005	81,0,81
Arunachal Pradesh,2006	60,0,60
Arunachal Pradesh,2007	68,0,68
Arunachal Pradesh,2008	72,0,72
Arunachal Pradesh,2009	59,0,59
Arunachal Pradesh,2010	75,0,75
Assam,2001	1356,0,1356
Assam,2002	1253,0,1253
Assam,2003	1191,0,1191
Assam,2004	1214,0,1214
Assam,2005	1194,0,1194
Assam,2006	1207,0,1207
Assam,2007	1374,0,1374
Assam,2008	1426,0,1426
Assam,2009	1323,0,1323
Assam,2010	1223,0,1223
Bihar,2001	3643,0,3643
Bihar,2002	3831,0,3831
Bihar,2003	3772,0,3772
Bihar,2004	3948,0,3948
Bihar,2005	3471,0,3471
Bihar,2006	3249,0,3249
Bihar,2007	3081,0,3081
Bihar,2008	3139,0,3139
Bihar,2009	3179,0,3179
Bihar,2010	3362,0,3362
Chandigarh,2001	15,0,15
Chandigarh,2002	31,0,31
Chandigarh,2003	21,0,21
Chandigarh,2004	22,0,22
Chandigarh,2005	18,0,18
Chandigarh,2006	14,0,14
Chandigarh,2007	20,0,20
Chandigarh,2008	17,0,17
Chandigarh,2009	22,0,22
Chandigarh,2010	22,0,22
Chhattisgarh,2001	1657,0,1657
Chhattisgarh,2002	844,0,844
Chhattisgarh,2003	797,0,797
Chhattisgarh,2004	927,0,927
Chhattisgarh,2005	1050,0,1050
Chhattisgarh,2006	1098,0,1098
Chhattisgarh,2007	1097,0,1097
Chhattisgarh,2008	1169,0,1169
Chhattisgarh,2009	1083,0,1083
Chhattisgarh,2010	1065,0,1065
Dadra & Nagar Haveli,2001	3,0,3
Dadra & Nagar Haveli,2002	11,0,11
Dadra & Nagar Haveli,2003	11,0,11
Dadra & Nagar Haveli,2004	11,0,11
Dadra & Nagar Haveli,2005	7,0,7
Dadra & Nagar Haveli,2006	9,0,9
Dadra & Nagar Haveli,2007	10,0,10
Dadra & Nagar Haveli,2008	9,0,9
Dadra & Nagar Haveli,2009	10,0,10
Dadra & Nagar Haveli,2010	6,0,6
Daman & Diu,2002	8,0,8
Daman & Diu,2003	6,0,6
Daman & Diu,2004	3,0,3
Daman & Diu,2005	5,0,5
Daman & Diu,2006	7,0,7
Daman & Diu,2007	12,0,12
Daman & Diu,2008	2,0,2
Daman & Diu,2009	5,0,5
Daman & Diu,2010	5,0,5
Delhi,2001	574,0,574
Delhi,2002	541,0,541
Delhi,2003	502,0,502
Delhi,2004	510,0,510
Delhi,2005	533,0,533
Delhi,2006	488,0,488
Delhi,2007	511,0,511
Delhi,2008	589,0,589
Delhi,2009	571,0,571
Delhi,2010	577,0,577
Goa,2001	37,0,37
Goa,2002	31,0,31
Goa,2003	34,0,34
Goa,2004	42,0,42
Goa,2005	49,0,49
Goa,2006	40,0,40
Goa,2007	34,0,34
Goa,2008	53,0,53
Goa,2009	57,0,57
Goa,2010	35,0,35
Gujarat,2001	1280,0,1280
Gujarat,2002	2327,0,2327
Gujarat,2003	1164,0,1164
Gujarat,2004	1169,0,1169
Gujarat,2005	1103,0,1103
Gujarat,2006	1214,0,1214
Gujarat,2007	1214,0,1214
Gujarat,2008	1145,0,1145
Gujarat,2009	1059,0,1059
Gujarat,2010	1082,0,1082
Haryana,2001	818,0,818
Haryana,2002	811,0,811
Haryana,2003	748,0,748
Haryana,2004	742,0,742
Haryana,2005	812,0,812
Haryana,2006	899,0,899
Haryana,2007	942,0,942
Haryana,2008	970,0,970
Haryana,2009	1007,0,1007
Haryana,2010	1044,0,1044
Himachal Pradesh,2001	122,0,122
Himachal Pradesh,2002	132,0,132
Himachal Pradesh,2003	130,0,130
Himachal Pradesh,2004	110,0,110
Himachal Pradesh,2005	118,0,118
Himachal Pradesh,2006	129,0,129
Himachal Pradesh,2007	132,0,132
Himachal Pradesh,2008	130,0,130
Himachal Pradesh,2009	133,0,133
Himachal Pradesh,2010	133,0,133
Jammu & Kashmir,2001	1412,0,1412
Jammu & Kashmir,2002	1307,0,1307
Jammu & Kashmir,2003	1115,0,1115
Jammu & Kashmir,2004	989,0,989
Jammu & Kashmir,2005	746,0,746
Jammu & Kashmir,2006	641,0,641
Jammu & Kashmir,2007	366,0,366
Jammu & Kashmir,2008	266,0,266
Jammu & Kashmir,2009	262,0,262
Jammu & Kashmir,2010	235,0,235
Jharkhand,2001	1507,0,1507
Jharkhand,2002	1488,0,1488
Jharkhand,2003	1482,0,1482
Jharkhand,2004	1488,0,1488
Jharkhand,2005	1523,0,1523
Jharkhand,2006	1492,0,1492
Jharkhand,2007	1617,0,1617
Jharkhand,2008	1697,0,1697
Jharkhand,2009	1636,0,1636
Jharkhand,2010	1752,0,1752
Karnataka,2001	1678,0,1678
Karnataka,2002	1704,0,1704
Karnataka,2003	1576,0,1576
Karnataka,2004	1567,0,1567
Karnataka,2005	1673,0,1673
Karnataka,2006	1677,0,1677
Karnataka,2007	1586,0,1586
Karnataka,2008	1800,0,1800
Karnataka,2009	1752,0,1752
Karnataka,2010	1878,0,1878
Kerala,2001	489,0,489
Kerala,2002	454,0,454
Kerala,2003	435,0,435
Kerala,2004	427,0,427
Kerala,2005	431,0,431
Kerala,2006	426,0,426
Kerala,2007	393,0,393
Kerala,2008	379,0,379
Kerala,2009	369,0,369
Kerala,2010	405,0,405
Lakshadweep,2001	2,0,2
Lakshadweep,2005	1,0,1
Lakshadweep,2008	1,0,1
Madhya Pradesh,2001	2425,0,2425
Madhya Pradesh,2002	2395,0,2395
Madhya Pradesh,2003	2227,0,2227
Madhya Pradesh,2004	2380,0,2380
Madhya Pradesh,2005	2428,0,2428
Madhya Pradesh,2006	2330,0,2330
Madhya Pradesh,2007	2315,0,2315
Madhya Pradesh,2008	2351,0,2351
Madhya Pradesh,2009	2402,0,2402
Madhya Pradesh,2010	2441,0,2441
Maharashtra,2001	2950,0,2950
Maharashtra,2002	2991,0,2991
Maharashtra,2003	2951,0,2951
Maharashtra,2004	2777,0,2777
Maharashtra,2005	2745,0,2745
Maharashtra,2006	2961,0,2961
Maharashtra,2007	2793,0,2793
Maharashtra,2008	2976,0,2976
Maharashtra,2009	2712,0,2712
Maharashtra,2010	2837,0,2837
Manipur,2001	233,0,233
Manipur,2002	222,0,222
Manipur,2003	185,0,185
Manipur,2004	193,0,193
Manipur,2005	295,0,295
Manipur,2006	238,0,238
Manipur,2007	295,0,295
Manipur,2008	268,0,268
Manipur,2009	174,0,174
Manipur,2010	101,0,101
Meghalaya,2001	169,0,169
Meghalaya,2002	184,0,184
Meghalaya,2003	175,0,175
Meghalaya,2004	157,0,157
Meghalaya,2005	138,0,138
Meghalaya,2006	157,0,157
Meghalaya,2007	114,0,114
Meghalaya,2008	126,0,126
Meghalaya,2009	128,0,128
Meghalaya,2010	137,0,137
Mizoram,2001	31,0,31
Mizoram,2002	29,0,29
Mizoram,2003	46,0,46
Mizoram,2004	35,0,35
Mizoram,2005	35,0,35
Mizoram,2006	25,0,25
Mizoram,2007	43,0,43
Mizoram,2008	35,0,35
Mizoram,2009	31,0,31
Mizoram,2010	48,0,48
Nagaland,2001	109,0,109
Nagaland,2002	108,0,108
Nagaland,2003	91,0,91
Nagaland,2004	73,0,73
Nagaland,2005	91,0,91
Nagaland,2006	123,0,123
Nagaland,2007	118,0,118
Nagaland,2008	147,0,147
Nagaland,2009	49,0,49
Nagaland,2010	47,0,47
Odisha,2001	1005,0,1005
Odisha,2002	1148,0,1148
Odisha,2003	1102,0,1102
Odisha,2004	1137,0,1137
Odisha,2005	1133,0,1133
Odisha,2006	1167,0,1167
Odisha,2007	1235,0,1235
Odisha,2008	1250,0,1250
Odisha,2009	1266,0,1266
Odisha,2010	1319,0,1319
Puducherry,2001	25,0,25
Puducherry,2002	31,0,31
Puducherry,2003	30,0,30
Puducherry,2004	25,0,25
Puducherry,2005	19,0,19
Puducherry,2006	30,0,30
Puducherry,2007	35,0,35
Puducherry,2008	35,0,35
Puducherry,2009	39,0,39
Puducherry,2010	34,0,34
Punjab,2001	787,0,787
Punjab,2002	772,0,772
Punjab,2003	769,0,769
Punjab,2004	802,0,802
Punjab,2005	744,0,744
Punjab,2006	851,0,851
Punjab,2007	826,0,826
Punjab,2008	815,0,815
Punjab,2009	861,0,861
Punjab,2010	945,0,945
Rajasthan,2001	1275,0,1275
Rajasthan,2002	1324,0,1324
Rajasthan,2003	1284,0,1284
Rajasthan,2004	1292,0,1292
Rajasthan,2005	1246,0,1246
Rajasthan,2006	1238,0,1238
Rajasthan,2007	1359,0,1359
Rajasthan,2008	1320,0,1320
Rajasthan,2009	1417,0,1417
Rajasthan,2010	1421,0,1421
Sikkim,2001	19,0,19
Sikkim,2002	13,0,13
Sikkim,2003	16,0,16
Sikkim,2004	18,0,18
Sikkim,2005	9,0,9
Sikkim,2006	21,0,21
Sikkim,2007	9,0,9
Sikkim,2008	9,0,9
Sikkim,2009	20,0,20
Sikkim,2010	17,0,17
Tamil Nadu,2001	1662,0,1662
Tamil Nadu,2002	1787,0,1787
Tamil Nadu,2003	1654,0,1654
Tamil Nadu,2004	1544,0,1544
Tamil Nadu,2005	1511,0,1511
Tamil Nadu,2006	1418,0,1418
Tamil Nadu,2007	1711,0,1711
Tamil Nadu,2008	1824,0,1824
Tamil Nadu,2009	1857,0,1857
Tamil Nadu,2010	1908,0,1908
Tripura,2001	240,0,240
Tripura,2002	201,0,201
Tripura,2003	254,0,254
Tripura,2004	226,0,226
Tripura,2005	158,0,158
Tripura,2006	165,0,165
Tripura,2007	150,0,150
Tripura,2008	166,0,166
Tripura,2009	148,0,148
Tripura,2010	159,0,159
Uttar Pradesh,2001	8180,0,8180
Uttar Pradesh,2002	7538,0,7538
Uttar Pradesh,2003	5284,0,5284
Uttar Pradesh,2004	6665,0,6665
Uttar Pradesh,2005	6365,0,6365
Uttar Pradesh,2006	5762,0,5762
Uttar Pradesh,2007	5182,0,5182
Uttar Pradesh,2008	4699,0,4699
Uttar Pradesh,2009	4679,0,4679
Uttar Pradesh,2010	4456,0,4456
Uttarakhand,2001	381,0,381
Uttarakhand,2002	335,0,335
Uttarakhand,2003	293,0,293
Uttarakhand,2004	267,0,267
Uttarakhand,2005	290,0,290
Uttarakhand,2006	285,0,285
Uttarakhand,2007	268,0,268
Uttarakhand,2008	261,0,261
Uttarakhand,2009	195,0,195
Uttarakhand,2010	176,0,176
West Bengal,2001	1673,0,1673
West Bengal,2002	1453,0,1453
West Bengal,2003	1464,0,1464
West Bengal,2004	1433,0,1433
West Bengal,2005	1454,0,1454
West Bengal,2006	1442,0,1442
West Bengal,2007	1653,0,1653
West Bengal,2008	1811,0,1811
West Bengal,2009	2161,0,2161
West Bengal,2010	2415,0,2415
