Andaman & Nicobar Islands,2001	286,108,6368954,2384358,0.3744
Andaman & Nicobar Islands,2002	220,74,3685442,1333518,0.3618
Andaman & Nicobar Islands,2003	256,80,6367300,2003574,0.3147
Andaman & Nicobar Islands,2004	350,190,10166636,6140866,0.6040
Andaman & Nicobar Islands,2005	344,160,523406562,8404966,0.0161
Andaman & Nicobar Islands,2006	382,162,14161540,4433418,0.3131
Andaman & Nicobar Islands,2007	446,126,20692912,5254832,0.2539
Andaman & Nicobar Islands,2008	464,224,25229356,7756110,0.3074
Andaman & Nicobar Islands,2009	476,212,20657180,12162370,0.5888
Andaman & Nicobar Islands,2010	438,180,16010952,3755182,0.2345
Andhra Pradesh,2001	50140,26836,952076632,372206806,0.3909
Andhra Pradesh,2002	56680,28134,1100021962,433213162,0.3938
Andhra Pradesh,2003	66630,29950,1321368874,536982384,0.4064
Andhra Pradesh,2004	64926,31488,1552092256,565291852,0.3642
Andhra Pradesh,2005	65716,35924,1671609136,768048798,0.4595
Andhra Pradesh,2006	65630,33674,1992049442,872205516,0.4378
Andhra Pradesh,2007	65478,35492,1892290994,926585812,0.4897
Andhra Pradesh,2008	68484,36548,2416237964,1120641762,0.4638
Andhra Pradesh,2009	66324,34768,2798976784,1275636266,0.4558
Andhra Pradesh,2010	72814,39696,3066109132,1450159336,0.4730
Arunachal Pradesh,2001	1716,600,116966112,19305700,0.1651
Arunachal Pradesh,2002	1638,590,78967020,29572176,0.3745
Arunachal Pradesh,2003	1552,530,88178448,34302200,0.3890
Arunachal Pradesh,2004	1460,364,55977494,12274566,0.2193
Arunachal Pradesh,2005	1898,494,206906586,21300302,0.1029
Arunachal Pradesh,2006	1742,668,93986492,22231368,0.2365
Arunachal Pradesh,2007	1792,772,197423898,39244340,0.1988
Arunachal Pradesh,2008	1742,802,176143036,48392772,0.2747
Arunachal Pradesh,2009	1430,654,492181188,337764670,0.6863
Arunachal Pradesh,2010	1662,574,389155128,82366144,0.2117
Assam,2001	19556,4298,243204430,49978686,0.2055
Assam,2002	20538,4516,279955496,59425952,0.2123
Assam,2003	20596,4544,365167728,103882588,0.2845
Assam,2004	21150,4528,410248698,69643412,0.1698
Assam,2005	21178,5762,452417672,106319880,0.2350
Assam,2006	25166,6318,1034754898,363879434,0.3517
Assam,2007	35618,6814,442711758,115670310,0.2613
Assam,2008	27792,7714,686974026,153790650,0.2239
Assam,2009	26578,6342,1050928190,289626038,0.2756
Assam,2010	27388,3948,848468678,208790724,0.2461
Bihar,2001	37006,6714,845412440,95426372,0.1129
Bihar,2002	38666,6434,508478800,94543044,0.1859
Bihar,2003	38422,5952,550650642,82445850,0.1497
Bihar,2004	43346,6456,764875772,121574510,0.1589
Bihar,2005	40030,6412,617707982,101866814,0.1649
Bihar,2006	40652,6364,566290254,90870554,0.1605
Bihar,2007	38988,5556,655665226,106441976,0.1623
Bihar,2008	42648,6828,928785292,110742834,0.1192
Bihar,2009	46628,6800,1015446390,144947142,0.1427
Bihar,2010	45454,6360,1095849336,149925670,0.1368
Chandigarh,2001	3896,1428,99054218,42229224,0.4263
Chandigarh,2002	4110,1208,142767102,46058124,0.3226
Chandigarh,2003	3156,1550,127444718,55902922,0.4386
Chandigarh,2004	3550,1698,150135172,72431744,0.4824
Chandigarh,2005	3592,1612,137765648,47599432,0.3455
Chandigarh,2006	3296,1668,122534562,58345278,0.4762
Chandigarh,2007	4402,1616,199544414,60850420,0.3049
Chandigarh,2008	5058,1620,238674576,84044422,0.3521
Chandigarh,2009	4550,1338,216198456,53679290,0.2483
Chandigarh,2010	4110,1450,240875118,104407826,0.4335
Chhattisgarh,2001	19788,6596,224484912,74663946,0.3326
Chhattisgarh,2002	17374,6136,346017386,81243732,0.2348
Chhattisgarh,2003	17184,5514,293861020,84835608,0.2887
Chhattisgarh,2004	21096,6766,405599024,134802308,0.3324
Chhattisgarh,2005	20308,7488,568114164,288040082,0.5070
Chhattisgarh,2006	19376,7030,699812956,159290104,0.2276
Chhattisgarh,2007	19674,7210,689333776,284604472,0.4129
Chhattisgarh,2008	22222,7342,767499152,263445684,0.3433
Chhattisgarh,2009	21552,7584,829476020,288093712,0.3473
Chhattisgarh,2010	21138,7246,945928432,273408784,0.2890
Dadra & Nagar Haveli,2001	212,86,23209094,10628872,0.4580
Dadra & Nagar Haveli,2002	264,138,29862780,12167302,0.4074
Dadra & Nagar Haveli,2003	264,116,148233812,13818284,0.0932
Dadra & Nagar Haveli,2004	224,100,1237503284,14482892,0.0117
Dadra & Nagar Haveli,2005	252,132,48997050,31921250,0.6515
Dadra & Nagar Haveli,2006	304,114,140977120,19887820,0.1411
Dadra & Nagar Haveli,2007	292,126,136953246,77849620,0.5684
Dadra & Nagar Haveli,2008	276,132,75710080,15656160,0.2068
Dadra & Nagar Haveli,2009	308,124,106097246,20356816,0.1919
Dadra & Nagar Haveli,2010	246,102,59511856,8375182,0.1407
Daman & Diu,2001	188,42,28302316,4646988,0.1642
Daman & Diu,2002	260,88,32823954,10695272,0.3258
Daman & Diu,2003	214,64,36348450,15517358,0.4269
Daman & Diu,2004	144,44,9945650,1607200,0.1616
Daman & Diu,2005	200,48,16971192,2313686,0.1363
Daman & Diu,2006	288,52,38602160,6067680,0.1572
Daman & Diu,2007	210,32,64208530,12245500,0.1907
Daman & Diu,2008	214,62,93195010,8460800,0.0908
Daman & Diu,2009	168,38,26824184,9042680,0.3371
Daman & Diu,2010	170,64,28032804,10938170,0.3902
Delhi,2001	50340,11786,4255106786,436509188,0.1026
Delhi,2002	45362,16500,3937816482,200753774,0.0510
Delhi,2003	41906,15694,3876326264,153250796,0.0395
Delhi,2004	49804,19186,4588713912,231165094,0.0504
Delhi,2005	48986,21010,4119583280,190325934,0.0462
Delhi,2006	48082,19702,5097249186,270473372,0.0531
Delhi,2007	47426,16898,3699220650,201589428,0.0545
Delhi,2008	49166,11348,7170771296,201026144,0.0280
Delhi,2009	53386,12734,15571434024,489158950,0.0314
Delhi,2010	56236,13000,8390763954,403645558,0.0481
Goa,2001	2008,578,479783566,19043052,0.0397
Goa,2002	1902,440,140135138,19694316,0.1405
Goa,2003	1694,650,550808412,17133860,0.0311
Goa,2004	1692,624,190000748,18908512,0.0995
Goa,2005	1708,546,195511334,28073590,0.1436
Goa,2006	1602,480,257929422,36089238,0.1399
Goa,2007	1690,474,258678714,34294548,0.1326
Goa,2008	2042,586,233072420,48828712,0.2095
Goa,2009	2484,638,1313161934,53513924,0.0408
Goa,2010	2966,868,462531676,46467584,0.1005
Gujarat,2001	48820,14770,2299633752,455386512,0.1980
Gujarat,2002	49916,14866,10830561240,399420786,0.0369
Gujarat,2003	58814,17432,6483859882,617246466,0.0952
Gujarat,2004	56482,16584,13150710710,577846936,0.0439
Gujarat,2005	53284,16732,7561101200,708715256,0.0937
Gujarat,2006	54434,17806,5177639312,623979024,0.1205
Gujarat,2007	52138,17470,3386120296,805104974,0.2378
Gujarat,2008	57680,18632,5084404148,802876834,0.1579
Gujarat,2009	54814,16974,5463127172,966978024,0.1770
Gujarat,2010	47678,15378,6993641698,944552264,0.1351
Haryana,2001	21072,10206,809782876,515659966,0.6368
Haryana,2002	20532,10460,852665442,555801134,0.6518
Haryana,2003	20048,11082,982288602,671092164,0.6832
Haryana,2004	21642,10948,925758510,572905732,0.6189
Haryana,2005	27168,12686,1939934884,1500443730,0.7735
Haryana,2006	32750,15390,1587886650,880523814,0.5545
Haryana,2007	35072,15790,1779590876,1007432768,0.5661
Haryana,2008	38764,15408,1928858328,1016759696,0.5271
Haryana,2009	39190,15138,1980108796,965679518,0.4877
Haryana,2010	47098,16212,2495337254,1318756842,0.5285
Himachal Pradesh,2001	3146,734,118023390,49251304,0.4173
Himachal Pradesh,2002	2700,744,261090150,45859690,0.1756
Himachal Pradesh,2003	2784,812,143594968,52886442,0.3683
Himachal Pradesh,2004	3082,962,173880100,38245728,0.2200
Himachal Pradesh,2005	3102,958,154820778,56284072,0.3635
Himachal Pradesh,2006	3504,1008,282132808,80104806,0.2839
Himachal Pradesh,2007	4228,1114,318469034,88633452,0.2783
Himachal Pradesh,2008	4428,1316,325415764,89274386,0.2743
Himachal Pradesh,2009	3608,1072,654838960,86183574,0.1316
Himachal Pradesh,2010	3418,1078,380746858,121856686,0.3200
Jammu & Kashmir,2001	7062,1666,201005644,67151536,0.3341
Jammu & Kashmir,2002	7274,2118,204318392,70590424,0.3455
Jammu & Kashmir,2003	7536,2286,260306216,114220368,0.4388
Jammu & Kashmir,2004	7242,2078,222049338,94220752,0.4243
Jammu & Kashmir,2005	7088,1958,221317092,86129998,0.3892
Jammu & Kashmir,2006	7062,2136,265491712,116745210,0.4397
Jammu & Kashmir,2007	7616,2534,411070336,152572924,0.3712
Jammu & Kashmir,2008	7388,2196,327979080,122067244,0.3722
Jammu & Kashmir,2009	8682,3044,428211090,171917824,0.4015
Jammu & Kashmir,2010	7956,2702,452595040,195367516,0.4317
Jharkhand,2001	11528,2822,253336874,28104850,0.1109
Jharkhand,2002	15336,3486,311402222,50422480,0.1619
Jharkhand,2003	14422,3654,288201956,59292828,0.2057
Jharkhand,2004	15336,3486,311402222,50422480,0.1619
Jharkhand,2005	17628,3770,393487564,71818030,0.1825
Jharkhand,2006	19250,3460,340186500,55559764,0.1633
Jharkhand,2007	20490,3164,457288766,74150850,0.1622
Jharkhand,2008	20264,3314,719723958,70640812,0.0981
Jharkhand,2009	21978,3906,635107680,100915742,0.1589
Jharkhand,2010	20636,4306,945912472,127008944,0.1343
Karnataka,2001	42078,13304,1167765734,437062606,0.3743
Karnataka,2002	44438,14794,1277711286,528569948,0.4137
Karnataka,2003	44926,13416,1400135030,437083782,0.3122
Karnataka,2004	48530,14212,1624652962,606767442,0.3735
Karnataka,2005	50370,15946,5562668148,714523032,0.1284
Karnataka,2006	46328,15504,1952119748,655166806,0.3356
Karnataka,2007	44260,18858,2477381566,668413192,0.2698
Karnataka,2008	53454,16320,3842117706,1218305000,0.3171
Karnataka,2009	61150,17866,5022938884,1747033256,0.3478
Karnataka,2010	59434,20586,4822966690,1999293420,0.4145
Kerala,2001	20884,6640,866273712,198987066,0.2297
Kerala,2002	22492,6772,1263231954,235628780,0.1865
Kerala,2003	19686,6698,1141265636,251191744,0.2201
Kerala,2004	21196,7648,935693750,236493458,0.2527
Kerala,2005	21904,7064,1344197870,190492878,0.1417
Kerala,2006	21128,6174,2883025264,245360920,0.0851
Kerala,2007	25876,7526,3076954794,265401982,0.0863
Kerala,2008	24636,7758,5155465762,278208078,0.0540
Kerala,2009	23886,8958,5625672920,768607484,0.1366
Kerala,2010	19964,7828,5371510366,400326630,0.0745
Lakshadweep,2001	24,10,218580,70800,0.3239
Lakshadweep,2002	42,14,419470,170590,0.4067
Lakshadweep,2003	28,6,357300,193300,0.5410
Lakshadweep,2004	14,6,15540,6820,0.4389
Lakshadweep,2005	18,4,523316,18820,0.0360
Lakshadweep,2006	38,24,752600,222400,0.2955
Lakshadweep,2007	26,3,848323,66597,0.0785
Lakshadweep,2008	22,6,488000,198000,0.4057
Lakshadweep,2009	116,22,6154000,600000,0.0975
Lakshadweep,2010	14,6,86000,44000,0.5116
Madhya Pradesh,2001	75108,23558,1002602088,407764494,0.4067
Madhya Pradesh,2002	74902,26244,1152029118,452176834,0.3925
Madhya Pradesh,2003	71894,24356,1200303462,470670824,0.3921
Madhya Pradesh,2004	75292,26884,1254079054,483470464,0.3855
Madhya Pradesh,2005	69382,25644,1390050582,555418090,0.3996
Madhya Pradesh,2006	71208,25748,2225106102,647516340,0.2910
Madhya Pradesh,2007	73868,26138,1919149682,849401300,0.4426
Madhya Pradesh,2008	78128,27008,2181538682,668111834,0.3063
Madhya Pradesh,2009	75026,25428,2202635118,863731842,0.3921
Madhya Pradesh,2010	68716,23098,16531578244,14940022726,0.9037
Maharashtra,2001	120346,41574,8002338632,1713394130,0.2141
Maharashtra,2002	115088,39888,19633152984,2601446940,0.1325
Maharashtra,2003	114236,40318,7749119030,1498906148,0.1934
Maharashtra,2004	130050,43442,10412190506,1621248002,0.1557
Maharashtra,2005	140324,47408,12945636818,1771027418,0.1368
Maharashtra,2006	140008,48360,14494985388,2077256260,0.1433
Maharashtra,2007	143818,50212,20448979568,2924109034,0.1430
Maharashtra,2008	157138,53870,30938688792,2689769668,0.0869
Maharashtra,2009	154480,52194,25227516346,2705874214,0.1073
Maharashtra,2010	161326,55920,47552509050,4675655792,0.0983
Manipur,2001	910,94,62034620,7317112,0.1180
Manipur,2002	858,56,46413864,3628510,0.0782
Manipur,2003	846,58,34380934,4646928,0.1352
Manipur,2004	784,62,80427980,10901566,0.1355
Manipur,2005	778,68,231028726,1772220,0.0077
Manipur,2006	1076,72,110929194,2786010,0.0251
Manipur,2007	1786,48,228787634,2251820,0.0098
Manipur,2008	1820,58,214531548,3976500,0.0185
Manipur,2009	1396,66,238390662,96091140,0.4031
Manipur,2010	1330,74,184849936,3457520,0.0187
Meghalaya,2001	1426,382,27737600,7325424,0.2641
Meghalaya,2002	1516,316,35977384,10190972,0.2833
Meghalaya,2003	1456,206,537042912,5075698,0.0095
Meghalaya,2004	1422,270,255182312,28916328,0.1133
Meghalaya,2005	1494,308,73467358,13533724,0.1842
Meghalaya,2006	1516,322,92707332,13013718,0.1404
Meghalaya,2007	1724,662,66699380,16740714,0.2510
Meghalaya,2008	2476,592,159704640,16699942,0.1046
Meghalaya,2009	1790,402,107257020,19158860,0.1786
Meghalaya,2010	1904,464,122707268,20510528,0.1672
Mizoram,2001	3032,1732,37714904,20077244,0.5323
Mizoram,2002	2998,1922,65623748,18442070,0.2810
Mizoram,2003	4126,2696,37906124,23648790,0.6239
Mizoram,2004	1752,1280,2708980,1760400,0.6498
Mizoram,2005	2540,1926,37633272,24479412,0.6505
Mizoram,2006	2406,1790,102226068,21654944,0.2118
Mizoram,2007	2562,1900,115685542,58554848,0.5062
Mizoram,2008	2308,1786,58735498,42031864,0.7156
Mizoram,2009	2426,1640,303220368,84242774,0.2778
Mizoram,2010	2742,2224,99590638,50235932,0.5044
Nagaland,2001	926,240,162032154,13611676,0.0840
Nagaland,2002	1058,432,55288882,11505550,0.2081
Nagaland,2003	874,326,19333234,8064574,0.4171
Nagaland,2004	562,198,23980892,4983050,0.2078
Nagaland,2005	984,260,48060666,20076810,0.4177
Nagaland,2006	1022,392,357543944,20961654,0.0586
Nagaland,2007	1152,232,103762684,26595940,0.2563
Nagaland,2008	1126,160,839454684,7486372,0.0089
Nagaland,2009	1540,176,1472009388,42952050,0.0292
Nagaland,2010	1570,250,747822482,71673620,0.0958
Odisha,2001	20334,10136,441483744,105055702,0.2380
Odisha,2002	18574,8028,425202968,152179888,0.3579
Odisha,2003	18924,9214,374880430,146128208,0.3898
Odisha,2004	20830,9518,457087078,174205324,0.3811
Odisha,2005	22552,11056,606787320,241859338,0.3986
Odisha,2006	22930,11854,820529360,273778450,0.3337
Odisha,2007	25890,11334,971844958,251958444,0.2593
Odisha,2008	24364,11810,1120735944,350531782,0.3128
Odisha,2009	24500,9746,5551952184,443975118,0.0800
Odisha,2010	25382,11380,2233321766,622067312,0.2785
Puducherry,2001	1302,606,20878734,8843518,0.4236
Puducherry,2002	1350,510,27991888,9794854,0.3499
Puducherry,2003	1440,576,40735140,11372848,0.2792
Puducherry,2004	1460,928,29934996,15968652,0.5334
Puducherry,2005	1098,754,39309230,29442268,0.7490
Puducherry,2006	1314,694,56992018,44514740,0.7811
Puducherry,2007	1782,838,59049864,25133668,0.4256
Puducherry,2008	1626,750,60037304,30495792,0.5079
Puducherry,2009	1614,968,58177358,35978960,0.6184
Puducherry,2010	1250,650,60498968,37505164,0.6199
Punjab,2001	11900,6090,931661652,450013048,0.4830
Punjab,2002	12076,6996,1127003730,661569402,0.5870
Punjab,2003	13612,7790,1454894394,784644500,0.5393
Punjab,2004	10710,5870,2205357244,757501130,0.3435
Punjab,2005	11400,6812,1606666730,1124534890,0.6999
Punjab,2006	14776,7996,1120439252,553959750,0.4944
Punjab,2007	18426,10208,1661773080,896641084,0.5396
Punjab,2008	19284,11404,1691259318,1014113126,0.5996
Punjab,2009	19252,10594,1745414964,1102405360,0.6316
Punjab,2010	19746,11770,2113457630,1292464198,0.6115
Rajasthan,2001	50652,15708,1165452438,716436372,0.6147
Rajasthan,2002	45460,13490,1140333000,677220516,0.5939
Rajasthan,2003	47304,13690,1234881286,639332656,0.5177
Rajasthan,2004	49102,13592,1256140848,678010288,0.5398
Rajasthan,2005	39380,13842,1472203438,821579882,0.5581
Rajasthan,2006	45246,14384,1610227874,909431322,0.5648
Rajasthan,2007	50038,15450,1966038788,1134626708,0.5771
Rajasthan,2008	49626,14818,2098510256,1181113994,0.5628
Rajasthan,2009	36356,9038,2951144816,1628408396,0.5518
Rajasthan,2010	56304,17102,2791528040,1708777252,0.6121
Sikkim,2001	258,80,6702526,2317690,0.3458
Sikkim,2002	236,58,1672060,796970,0.4766
Sikkim,2003	254,60,17159010,2541508,0.1481
Sikkim,2004	336,84,28979084,4173670,0.1440
Sikkim,2005	332,80,10671756,2535120,0.2376
Sikkim,2006	432,122,18628828,5604400,0.3008
Sikkim,2007	428,146,21347018,6621360,0.3102
Sikkim,2008	444,152,328722204,8550622,0.0260
Sikkim,2009	326,108,22891610,3984820,0.1741
Sikkim,2010	268,76,18890292,2888380,0.1529
Tamil Nadu,2001	49212,34590,1470027556,666879116,0.4537
Tamil Nadu,2002	51650,38526,1391057830,783504460,0.5632
Tamil Nadu,2003	48164,37516,1079666164,736999392,0.6826
Tamil Nadu,2004	44978,37092,1109655708,712147592,0.6418
Tamil Nadu,2005	40704,34454,869890196,627751112,0.7216
Tamil Nadu,2006	35574,31240,977188736,714971424,0.7317
Tamil Nadu,2007	35750,30748,1361031262,991054022,0.7282
Tamil Nadu,2008	39836,32442,1358952364,990471464,0.7288
Tamil Nadu,2009	42978,33290,1788692272,1186770098,0.6635
Tamil Nadu,2010	43018,32250,2635838380,1320623608,0.5010
Tripura,2001	1158,260,27519200,1448340,0.0526
Tripura,2002	1238,246,61603476,2886956,0.0469
Tripura,2003	1152,216,29065638,5931822,0.2041
Tripura,2004	1154,188,32656086,13305470,0.4074
Tripura,2005	1280,214,48118196,9849190,0.2047
Tripura,2006	1796,456,55741760,12769346,0.2291
Tripura,2007	1488,264,102752538,10030650,0.0976
Tripura,2008	1804,614,98022764,6291270,0.0642
Tripura,2009	1652,484,111263410,14377830,0.1292
Tripura,2010	1758,384,66065492,11332204,0.1715
Uttar Pradesh,2001	73422,18752,2971715186,1692441774,0.5695
Uttar Pradesh,2002	55652,17284,1564394500,973150610,0.6221
Uttar Pradesh,2003	36024,12726,1610441674,1013574962,0.6294
Uttar Pradesh,2004	52974,16958,2077581762,1156607976,0.5567
Uttar Pradesh,2005	47288,15796,1930750666,1094230654,0.5667
Uttar Pradesh,2006	47690,16266,2174669582,2001167684,0.9202
Uttar Pradesh,2007	53716,18136,2519566454,1466558512,0.5821
Uttar Pradesh,2008	58582,19692,3640207938,2323573464,0.6383
Uttar Pradesh,2009	64486,17176,2481807738,1002563160,0.4040
Uttar Pradesh,2010	70136,18260,2885340828,1155183544,0.4004
Uttarakhand,2001	4692,1098,168961688,31710808,0.1877
Uttarakhand,2002	3878,1246,103907150,32588816,0.3136
Uttarakhand,2003	3896,1344,103075026,32964104,0.3198
Uttarakhand,2004	4362,1316,116463462,32151336,0.2761
Uttarakhand,2005	4372,1434,139629872,40461786,0.2898
Uttarakhand,2006	3844,1446,139913288,41140800,0.2940
Uttarakhand,2007	4370,1560,207511778,66564092,0.3208
Uttarakhand,2008	4066,1518,219393458,65965240,0.3007
Uttarakhand,2009	3582,1672,189995764,63808368,0.3358
Uttarakhand,2010	4468,1928,246797680,94271370,0.3820
West Bengal,2001	36408,8718,855775766,223189490,0.2608
West Bengal,2002	38024,8548,911027396,282161120,0.3097
West Bengal,2003	31236,8680,1113110948,264101060,0.2373
West Bengal,2004	35358,9708,1172071214,268810048,0.2293
West Bengal,2005	30896,8870,993042078,218770328,0.2203
West Bengal,2006	31442,7200,1173503496,242644928,0.2068
West Bengal,2007	34554,7136,1696362046,277648988,0.1637
West Bengal,2008	43618,8218,1853881904,302676336,0.1633
West Bengal,2009	43172,9602,2190204832,446062194,0.2037
West Bengal,2010	47518,9096,10030337374,2336484322,0.2329
