Andaman & Nicobar Islands,2001	79,0,0,288
Andaman & Nicobar Islands,2002	46,0,0,339
Andaman & Nicobar Islands,2003	36,0,0,349
Andaman & Nicobar Islands,2004	34,0,0,357
Andaman & Nicobar Islands,2005	28,0,0,355
Andaman & Nicobar Islands,2006	78,0,0,369
Andaman & Nicobar Islands,2007	73,0,0,431
Andaman & Nicobar Islands,2008	54,1,0,241
Andaman & Nicobar Islands,2009	129,0,1,566
Andaman & Nicobar Islands,2010	138,1,0,666
Andhra Pradesh,2001	27300,5903,5973,35886
Andhra Pradesh,2002	30970,7570,8513,36813
Andhra Pradesh,2003	28524,5921,7788,40476
Andhra Pradesh,2004	28556,6665,6226,43269
Andhra Pradesh,2005	36234,9499,8121,45017
Andhra Pradesh,2006	31975,8767,6608,48688
Andhra Pradesh,2007	41348,10748,7927,52487
Andhra Pradesh,2008	19145,6687,3966,28546
Andhra Pradesh,2009	40636,11231,6722,64466
Andhra Pradesh,2010	46665,10962,6546,68222
Arunachal Pradesh,2001	276,14,0,1202
Arunachal Pradesh,2002	256,16,0,1368
Arunachal Pradesh,2003	200,2,0,1566
Arunachal Pradesh,2004	200,8,0,1752
Arunachal Pradesh,2005	244,28,0,1914
Arunachal Pradesh,2006	216,20,0,1996
Arunachal Pradesh,2007	256,8,0,2114
Arunachal Pradesh,2008	122,14,0,1148
Arunachal Pradesh,2009	294,8,0,2450
Arunachal Pradesh,2010	234,16,0,2646
Assam,2001	4172,313,619,13076
Assam,2002	6005,321,817,13766
Assam,2003	6584,688,1534,16077
Assam,2004	7045,607,1234,17670
Assam,2005	7718,826,1020,18953
Assam,2006	7915,647,1202,20489
Assam,2007	8276,520,1630,21670
Assam,2008	4767,249,675,11052
Assam,2009	10640,726,1478,26080
Assam,2010	12587,424,1759,30204
Bihar,2001	7940,385,776,24628
Bihar,2002	7816,190,825,27544
Bihar,2003	7623,473,722,30704
Bihar,2004	7453,221,830,32191
Bihar,2005	7994,209,744,33519
Bihar,2006	8472,588,1088,34786
Bihar,2007	11237,603,1852,35043
Bihar,2008	4874,285,1060,17362
Bihar,2009	9974,614,1897,40559
Bihar,2010	9792,665,1754,41965
Chandigarh,2001	191,3,60,489
Chandigarh,2002	260,5,50,535
Chandigarh,2003	184,2,64,644
Chandigarh,2004	292,11,101,723
Chandigarh,2005	287,4,56,866
Chandigarh,2006	263,6,85,1034
Chandigarh,2007	255,7,73,1120
Chandigarh,2008	97,2,22,582
Chandigarh,2009	125,6,105,1171
Chandigarh,2010	178,5,142,1067
Chhattisgarh,2001	7998,943,58,26099
Chhattisgarh,2002	7028,2338,70,29855
Chhattisgarh,2003	6192,2683,72,26871
Chhattisgarh,2004	7526,2989,106,27114
Chhattisgarh,2005	6829,930,26,26492
Chhattisgarh,2006	7323,789,28,26567
Chhattisgarh,2007	7263,911,81,28956
Chhattisgarh,2008	3783,611,30,15673
Chhattisgarh,2009	7838,656,123,33182
Chhattisgarh,2010	7832,821,85,34698
Dadra & Nagar Haveli,2001	40,0,0,98
Dadra & Nagar Haveli,2002	32,0,2,126
Dadra & Nagar Haveli,2003	16,2,2,116
Dadra & Nagar Haveli,2004	36,0,0,108
Dadra & Nagar Haveli,2005	36,0,8,112
Dadra & Nagar Haveli,2006	44,0,8,100
Dadra & Nagar Haveli,2007	30,0,2,122
Dadra & Nagar Haveli,2008	25,4,0,66
Dadra & Nagar Haveli,2009	34,1,2,149
Dadra & Nagar Haveli,2010	34,1,6,170
Daman & Diu,2001	16,3,0,23
Daman & Diu,2002	10,3,0,25
Daman & Diu,2003	10,0,0,20
Daman & Diu,2004	16,1,0,31
Daman & Diu,2005	16,1,0,43
Daman & Diu,2006	18,1,0,51
Daman & Diu,2007	19,0,0,54
Daman & Diu,2008	11,7,0,35
Daman & Diu,2009	16,2,0,61
Daman & Diu,2010	23,7,0,68
Delhi,2001	3224,96,444,9920
Delhi,2002	2994,64,358,9123
Delhi,2003	3413,52,500,10403
Delhi,2004	4399,90,636,11224
Delhi,2005	5133,117,453,11700
Delhi,2006	5724,186,431,13010
Delhi,2007	5129,97,524,15109
Delhi,2008	2783,50,385,8213
Delhi,2009	5126,33,865,19289
Delhi,2010	4840,35,1227,21539
Goa,2001	162,44,66,558
Goa,2002	126,33,28,379
Goa,2003	153,38,24,347
Goa,2004	211,45,19,358
Goa,2005	196,50,38,414
Goa,2006	168,36,27,445
Goa,2007	99,19,5,492
Goa,2008	91,14,11,249
Goa,2009	200,18,16,542
Goa,2010	256,14,16,571
Gujarat,2001	10829,918,518,53297
Gujarat,2002	9718,938,458,58288
Gujarat,2003	10343,781,520,62009
Gujarat,2004	11500,831,378,66375
Gujarat,2005	11671,718,262,71547
Gujarat,2006	13191,796,280,76347
Gujarat,2007	15517,727,264,82976
Gujarat,2008	8164,521,136,45757
Gujarat,2009	14901,555,188,99066
Gujarat,2010	15373,520,144,105225
Haryana,2001	5152,69,991,14819
Haryana,2002	7092,205,1123,14871
Haryana,2003	6612,113,1237,14719
Haryana,2004	6162,65,1494,14770
Haryana,2005	5824,106,1711,14407
Haryana,2006	6512,115,1889,15590
Haryana,2007	6727,153,1949,17719
Haryana,2008	3678,134,1098,9970
Haryana,2009	7455,125,2354,21448
Haryana,2010	7916,103,2386,22824
Himachal Pradesh,2001	1518,337,290,5071
Himachal Pradesh,2002	1358,202,235,5314
Himachal Pradesh,2003	1274,248,208,5604
Himachal Pradesh,2004	1362,390,237,5618
Himachal Pradesh,2005	1333,281,212,5508
Himachal Pradesh,2006	1287,247,225,5151
Himachal Pradesh,2007	1452,360,297,5298
Himachal Pradesh,2008	795,93,152,2719
Himachal Pradesh,2009	1794,207,290,5922
Himachal Pradesh,2010	1634,203,331,6546
Jammu & Kashmir,2001	2865,236,460,8692
Jammu & Kashmir,2002	3292,186,424,9654
Jammu & Kashmir,2003	3925,125,410,10661
Jammu & Kashmir,2004	3789,137,394,12549
Jammu & Kashmir,2005	3563,164,410,13911
Jammu & Kashmir,2006	4284,276,458,15114
Jammu & Kashmir,2007	4383,234,671,16724
Jammu & Kashmir,2008	1618,151,337,9376
Jammu & Kashmir,2009	4248,399,1096,19802
Jammu & Kashmir,2010	3629,380,1175,20892
Jharkhand,2001	3486,108,137,8692
Jharkhand,2002	3805,172,175,13725
Jharkhand,2003	3705,205,128,13577
Jharkhand,2004	3736,203,128,13322
Jharkhand,2005	3403,207,155,13065
Jharkhand,2006	3983,153,182,12169
Jharkhand,2007	4494,145,351,11123
Jharkhand,2008	2337,207,124,4778
Jharkhand,2009	5227,369,303,10540
Jharkhand,2010	4847,147,382,10249
Karnataka,2001	10779,2494,2035,19789
Karnataka,2002	10418,2424,2136,21677
Karnataka,2003	10192,2333,1990,23190
Karnataka,2004	9173,1928,1794,24403
Karnataka,2005	9956,2098,1744,24021
Karnataka,2006	10197,1879,1261,23442
Karnataka,2007	10612,1294,1560,23573
Karnataka,2008	5427,1012,640,11777
Karnataka,2009	12075,1548,1128,27856
Karnataka,2010	13789,758,1603,30985
Kerala,2001	9235,1258,928,25763
Kerala,2002	9978,1103,1244,29662
Kerala,2003	9462,1431,1234,34257
Kerala,2004	11475,2034,1274,37183
Kerala,2005	11885,1079,1030,40253
Kerala,2006	13129,1162,1195,44168
Kerala,2007	14535,1373,1065,47583
Kerala,2008	7191,721,675,25343
Kerala,2009	15506,1285,959,54891
Kerala,2010	17719,959,1002,59798
Lakshadweep,2001	2,0,0,0
Lakshadweep,2002	2,0,0,2
Lakshadweep,2003	2,0,0,2
Lakshadweep,2004	8,0,0,0
Lakshadweep,2005	2,0,0,6
Lakshadweep,2006	0,0,0,6
Lakshadweep,2007	4,0,0,6
Lakshadweep,2008	1,0,0,5
Lakshadweep,2009	6,0,0,10
Lakshadweep,2010	2,1,0,13
Madhya Pradesh,2001	27822,6121,123,82068
Madhya Pradesh,2002	29945,6353,369,85718
Madhya Pradesh,2003	27963,6319,299,91905
Madhya Pradesh,2004	30074,6541,287,92545
Madhya Pradesh,2005	27851,7512,265,95343
Madhya Pradesh,2006	27862,6670,261,95172
Madhya Pradesh,2007	30014,7099,241,97337
Madhya Pradesh,2008	14412,3148,94,49884
Madhya Pradesh,2009	31687,7562,149,97936
Madhya Pradesh,2010	32111,7296,158,100942
Maharashtra,2001	24486,4157,385,165373
Maharashtra,2002	21539,3203,389,169024
Maharashtra,2003	21429,2897,277,168597
Maharashtra,2004	22862,3042,336,170825
Maharashtra,2005	25201,2576,359,174953
Maharashtra,2006	26086,2370,635,181438
Maharashtra,2007	26986,2252,812,190916
Maharashtra,2008	14719,1673,365,100471
Maharashtra,2009	28679,2616,755,210650
Maharashtra,2010	29260,2536,650,221025
Manipur,2001	20,4,7,139
Manipur,2002	36,6,6,140
Manipur,2003	14,0,0,162
Manipur,2004	12,0,0,166
Manipur,2005	23,0,1,170
Manipur,2006	6,2,0,184
Manipur,2007	6,2,0,180
Manipur,2008	6,0,0,84
Manipur,2009	16,0,0,180
Manipur,2010	12,0,0,196
Meghalaya,2001	96,0,0,786
Meghalaya,2002	78,4,0,833
Meghalaya,2003	73,0,0,878
Meghalaya,2004	86,4,0,918
Meghalaya,2005	125,2,2,972
Meghalaya,2006	177,4,2,1063
Meghalaya,2007	134,5,2,1169
Meghalaya,2008	77,5,0,620
Meghalaya,2009	262,1,0,1263
Meghalaya,2010	268,19,2,1411
Mizoram,2001	215,2,4,302
Mizoram,2002	190,0,0,206
Mizoram,2003	320,2,0,374
Mizoram,2004	158,5,1,537
Mizoram,2005	178,23,1,244
Mizoram,2006	256,4,1,319
Mizoram,2007	284,0,0,130
Mizoram,2008	147,1,0,114
Mizoram,2009	321,0,1,239
Mizoram,2010	341,1,1,294
Nagaland,2001	32,3,1,172
Nagaland,2002	41,3,0,192
Nagaland,2003	34,6,0,212
Nagaland,2004	100,5,7,214
Nagaland,2005	58,4,0,163
Nagaland,2006	74,9,7,86
Nagaland,2007	51,5,5,100
Nagaland,2008	36,2,1,35
Nagaland,2009	96,5,5,84
Nagaland,2010	77,3,4,125
Odisha,2001	9692,30,385,26789
Odisha,2002	8170,52,491,29873
Odisha,2003	9448,17,627,32558
Odisha,2004	8933,66,503,36082
Odisha,2005	9710,54,657,38131
Odisha,2006	10824,38,656,42187
Odisha,2007	11089,57,516,46753
Odisha,2008	5416,36,274,24869
Odisha,2009	12318,16,611,56435
Odisha,2010	16203,27,879,62199
Puducherry,2001	226,79,45,195
Puducherry,2002	257,65,31,208
Puducherry,2003	210,57,17,286
Puducherry,2004	201,44,12,346
Puducherry,2005	211,57,10,379
Puducherry,2006	266,26,7,423
Puducherry,2007	349,45,15,547
Puducherry,2008	105,8,5,341
Puducherry,2009	234,25,21,811
Puducherry,2010	206,35,24,895
Punjab,2001	2633,113,642,4363
Punjab,2002	3190,116,618,5273
Punjab,2003	3526,110,829,6190
Punjab,2004	2916,157,536,7079
Punjab,2005	2771,110,551,7380
Punjab,2006	3198,69,503,8254
Punjab,2007	3337,73,635,9372
Punjab,2008	1845,49,435,5337
Punjab,2009	3706,68,814,11807
Punjab,2010	3866,78,1034,11256
Rajasthan,2001	15219,2199,9161,54613
Rajasthan,2002	14550,2304,8690,56180
Rajasthan,2003	14301,2141,8629,55324
Rajasthan,2004	16406,2126,9678,56793
Rajasthan,2005	14794,2779,8442,59593
Rajasthan,2006	16316,2877,9143,60952
Rajasthan,2007	17386,2510,10544,62038
Rajasthan,2008	8925,1131,5303,32946
Rajasthan,2009	20189,2200,13285,70757
Rajasthan,2010	20464,2479,14754,78485
Sikkim,2001	24,0,0,40
Sikkim,2002	28,16,0,52
Sikkim,2003	51,28,2,24
Sikkim,2004	51,12,0,18
Sikkim,2005	52,20,0,40
Sikkim,2006	67,17,0,41
Sikkim,2007	67,9,0,79
Sikkim,2008	49,2,0,57
Sikkim,2009	126,31,0,179
Sikkim,2010	118,7,0,205
Tamil Nadu,2001	19266,5629,5999,16097
Tamil Nadu,2002	17851,3727,4687,16952
Tamil Nadu,2003	15150,2723,3572,17967
Tamil Nadu,2004	16826,3356,3866,19959
Tamil Nadu,2005	15387,3053,4203,21411
Tamil Nadu,2006	11195,1793,2450,20806
Tamil Nadu,2007	11779,1110,2081,20459
Tamil Nadu,2008	5561,756,1557,10538
Tamil Nadu,2009	9543,757,1733,23418
Tamil Nadu,2010	9394,606,1716,24176
Tripura,2001	530,12,0,958
Tripura,2002	922,6,0,1162
Tripura,2003	900,0,0,1606
Tripura,2004	1136,0,30,1956
Tripura,2005	1484,0,8,2378
Tripura,2006	1668,0,4,2810
Tripura,2007	2156,0,0,3564
Tripura,2008	1292,37,6,2037
Tripura,2009	2810,90,0,5482
Tripura,2010	2719,149,30,6916
Uttar Pradesh,2001	30863,2208,3110,79685
Uttar Pradesh,2002	27249,2392,2909,85462
Uttar Pradesh,2003	21851,1695,1457,85106
Uttar Pradesh,2004	24038,2344,2038,83409
Uttar Pradesh,2005	24205,1956,1783,83448
Uttar Pradesh,2006	26108,1816,1961,84335
Uttar Pradesh,2007	30805,2089,3599,85978
Uttar Pradesh,2008	17564,1138,2087,44674
Uttar Pradesh,2009	34524,2151,4353,93387
Uttar Pradesh,2010	28713,742,3428,96129
Uttarakhand,2001	1141,64,120,2587
Uttarakhand,2002	1293,51,119,2566
Uttarakhand,2003	1306,76,138,2995
Uttarakhand,2004	1566,90,134,3296
Uttarakhand,2005	1205,136,116,3995
Uttarakhand,2006	1672,457,122,4316
Uttarakhand,2007	1621,433,189,4710
Uttarakhand,2008	917,65,80,2368
Uttarakhand,2009	1998,97,122,5242
Uttarakhand,2010	1728,38,101,5907
West Bengal,2001	11930,95,594,68262
West Bengal,2002	14022,39,109,75244
West Bengal,2003	15746,160,324,79237
West Bengal,2004	19493,127,175,86950
West Bengal,2005	22378,194,144,100720
West Bengal,2006	22884,236,259,113972
West Bengal,2007	28837,236,108,123638
West Bengal,2008	15098,138,90,71194
West Bengal,2009	37286,182,182,162256
West Bengal,2010	47011,317,251,189764
